Workbook

Sheet Cover
B2: Functional Tests - VMU Mode Logic
B4: Project | C4: HEV Power-Split Mode Logic (HEV_powersplit_adapted)
B5: Source under test | C5: src/mode_logic_team.c
B6: Header | C6: inc/mode_logic_team.h
B7: Requirements | C7: doc/Requisitos_preview.pdf (Sections 4 and 5)
B8: Test file | C8: tests/Person_E_Gustavo/test_person_e.c; tests/shared_tests/test_shared_requirements.c
B9: Deliverable | C9: 4/4 Tests - Functional testing: Excel sheet with basic functional test cases and evidence of coverage for all requirement IDs
B10: Version | C10: 0.5
B11: Date | C11: 2026-04-24
B12: Responsible team | C12: Person A, Person B, Person C, Person D, Person E; shared requirements
B14: Sheet layout
B15: Requirements | C15: Catalog of 40 requirements (SysHLR, SwHLR, SwLLR, NfHLR) with coverage/status auto-fields.
B16: Test Cases | C16: One row per test case: TC ID and Req ID in separate columns, code references, inputs, expected outputs.
B17: Traceability Matrix | C17: AUTOSAR-style: one row per (Req, TC) pair with Code Element / File / Line Number.
B18: Test Execution | C18: One row per TC with lookup of expected values; Status is auto-computed by comparing expected vs actual (mode + Mot/Gen/ICE).
B19: Coverage Summary | C19: KPIs: coverage by req type, total/pass/fail/not-executed counters, pass-rate.
B21: Status Legend
B22: PASS | C22: Actual mode AND all three enables match expected.
B23: FAIL | C23: At least one of {mode, Mot_Enable, Gen_Enable, ICE_Enable} differs.
B24: NOT EXECUTED | C24: Test authored but not yet run (all actual fields empty).
B25: N/A | C25: Not verifiable via dynamic functional test (e.g., static property).
B26: BLOCKED | C26: Test cannot be executed because of an external blocker.

Sheet Requirements
A1: Req ID | B1: Type | C1: Title | D1: Description | E1: Derived From | F1: Owner | G1: Covered? | H1: # Test Cases | I1: Status
A2: SysHLR01 | B2: System HLR | C2: Power-Split Supervisory Mode Selection | D2: VMU selects exactly one operating mode from {Standstill, EV, RegenB, Start, ICE, Hybrid} each cycle, evaluating speed, P_dem, SOC, wEng. | E2: - | F2: Shared requirements | G2: =IF(H2>0,"YES","NO") -> YES | H2: =COUNTIF('Test Cases'!$B$2:$B$200,A2) -> 1 | I2: =IF(H2=0,"NOT COVERED",IF(COUNTIFS('Test Execution'!$B$2:$B$200,A2,'Test Execution'!$M$2:$M$200,"FAIL")>0,"FAIL",IF(COUNTIFS('Test Execution'!$B$2:$B$200,A2,'Test Execution'!$M$2:$M$200,"NOT EXECUTED")>0,"NOT EXECUTED","PASS"))) -> PASS
A3: SysHLR02 | B3: System HLR | C3: Deterministic Powertrain Enable Coordination | D3: For each selected mode, VMU commands deterministic Mot/Gen/ICE enable per mapping: Standstill{0,0,0}, EV{1,0,0}, RegenB{1,0,0}, Start{1,1,0}, ICE{0,1,1}, Hybrid{1,1,1}. | E3: - | F3: Shared requirements | G3: =IF(H3>0,"YES","NO") -> YES | H3: =COUNTIF('Test Cases'!$B$2:$B$200,A3) -> 6 | I3: =IF(H3=0,"NOT COVERED",IF(COUNTIFS('Test Execution'!$B$2:$B$200,A3,'Test Execution'!$M$2:$M$200,"FAIL")>0,"FAIL",IF(COUNTIFS('Test Execution'!$B$2:$B$200,A3,'Test Execution'!$M$2:$M$200,"NOT EXECUTED")>0,"NOT EXECUTED","PASS"))) -> PASS
A4: SysHLR03 | B4: System HLR | C4: Calibratable and Hysteretic Transition Strategy | D4: Transitions use named calibrations (ENG_ON/OFF, SPEED_*, PDEM_*, SOC_*) preserving hysteresis on SOC and engine-speed thresholds. | E4: - | F4: Shared requirements | G4: =IF(H4>0,"YES","NO") -> YES | H4: =COUNTIF('Test Cases'!$B$2:$B$200,A4) -> 6 | I4: =IF(H4=0,"NOT COVERED",IF(COUNTIFS('Test Execution'!$B$2:$B$200,A4,'Test Execution'!$M$2:$M$200,"FAIL")>0,"FAIL",IF(COUNTIFS('Test Execution'!$B$2:$B$200,A4,'Test Execution'!$M$2:$M$200,"NOT EXECUTED")>0,"NOT EXECUTED","PASS"))) -> PASS
A5: SwHLR01 | B5: Software HLR | C5: Initialization Behavior | D5: Software initializes the active mode to Standstill before the first normal evaluation cycle. | E5: SysHLR01 | F5: Shared requirements | G5: =IF(H5>0,"YES","NO") -> YES | H5: =COUNTIF('Test Cases'!$B$2:$B$200,A5) -> 3 | I5: =IF(H5=0,"NOT COVERED",IF(COUNTIFS('Test Execution'!$B$2:$B$200,A5,'Test Execution'!$M$2:$M$200,"FAIL")>0,"FAIL",IF(COUNTIFS('Test Execution'!$B$2:$B$200,A5,'Test Execution'!$M$2:$M$200,"NOT EXECUTED")>0,"NOT EXECUTED","PASS"))) -> PASS
A6: SwHLR02 | B6: Software HLR | C6: Deterministic Output Mapping by Active Mode | D6: Software commands enable outputs associated with the resolved active mode per the model mapping. | E6: SysHLR02 | F6: Shared requirements | G6: =IF(H6>0,"YES","NO") -> YES | H6: =COUNTIF('Test Cases'!$B$2:$B$200,A6) -> 11 | I6: =IF(H6=0,"NOT COVERED",IF(COUNTIFS('Test Execution'!$B$2:$B$200,A6,'Test Execution'!$M$2:$M$200,"FAIL")>0,"FAIL",IF(COUNTIFS('Test Execution'!$B$2:$B$200,A6,'Test Execution'!$M$2:$M$200,"NOT EXECUTED")>0,"NOT EXECUTED","PASS"))) -> PASS
A7: SwHLR03 | B7: Software HLR | C7: Standstill Transition Family | D7: While in Standstill, evaluate exits to EV and Start in priority order. | E7: SysHLR01, SysHLR03 | F7: Person A | G7: =IF(H7>0,"YES","NO") -> NO | H7: =COUNTIF('Test Cases'!$B$2:$B$200,A7) -> 0 | I7: =IF(H7=0,"NOT COVERED",IF(COUNTIFS('Test Execution'!$B$2:$B$200,A7,'Test Execution'!$M$2:$M$200,"FAIL")>0,"FAIL",IF(COUNTIFS('Test Execution'!$B$2:$B$200,A7,'Test Execution'!$M$2:$M$200,"NOT EXECUTED")>0,"NOT EXECUTED","PASS"))) -> NOT COVERED
A8: SwHLR04 | B8: Software HLR | C8: EV Transition Family | D8: While in EV, evaluate exits to RegenB, Start, Standstill in priority order. | E8: SysHLR01, SysHLR03 | F8: Person B | G8: =IF(H8>0,"YES","NO") -> NO | H8: =COUNTIF('Test Cases'!$B$2:$B$200,A8) -> 0 | I8: =IF(H8=0,"NOT COVERED",IF(COUNTIFS('Test Execution'!$B$2:$B$200,A8,'Test Execution'!$M$2:$M$200,"FAIL")>0,"FAIL",IF(COUNTIFS('Test Execution'!$B$2:$B$200,A8,'Test Execution'!$M$2:$M$200,"NOT EXECUTED")>0,"NOT EXECUTED","PASS"))) -> NOT COVERED
A9: SwHLR05 | B9: Software HLR | C9: Regenerative-Braking Transition Family | D9: While in RegenB, evaluate exits to Start, Standstill, EV in priority order. | E9: SysHLR01, SysHLR03 | F9: Person C | G9: =IF(H9>0,"YES","NO") -> NO | H9: =COUNTIF('Test Cases'!$B$2:$B$200,A9) -> 0 | I9: =IF(H9=0,"NOT COVERED",IF(COUNTIFS('Test Execution'!$B$2:$B$200,A9,'Test Execution'!$M$2:$M$200,"FAIL")>0,"FAIL",IF(COUNTIFS('Test Execution'!$B$2:$B$200,A9,'Test Execution'!$M$2:$M$200,"NOT EXECUTED")>0,"NOT EXECUTED","PASS"))) -> NOT COVERED
A10: SwHLR06 | B10: Software HLR | C10: Engine-Supported External Exit Family | D10: While in Start/ICE/Hybrid, evaluate external exits to RegenB, EV, Standstill before internal transitions. | E10: SysHLR01, SysHLR03 | F10: Person E | G10: =IF(H10>0,"YES","NO") -> YES | H10: =COUNTIF('Test Cases'!$B$2:$B$200,A10) -> 5 | I10: =IF(H10=0,"NOT COVERED",IF(COUNTIFS('Test Execution'!$B$2:$B$200,A10,'Test Execution'!$M$2:$M$200,"FAIL")>0,"FAIL",IF(COUNTIFS('Test Execution'!$B$2:$B$200,A10,'Test Execution'!$M$2:$M$200,"NOT EXECUTED")>0,"NOT EXECUTED","PASS"))) -> PASS
A11: SwHLR07 | B11: Software HLR | C11: Start Mode Internal Transition Family | D11: While in Start with no higher-priority external exit, evaluate internal transitions to Hybrid and ICE. | E11: SysHLR01, SysHLR03 | F11: Person D | G11: =IF(H11>0,"YES","NO") -> NO | H11: =COUNTIF('Test Cases'!$B$2:$B$200,A11) -> 0 | I11: =IF(H11=0,"NOT COVERED",IF(COUNTIFS('Test Execution'!$B$2:$B$200,A11,'Test Execution'!$M$2:$M$200,"FAIL")>0,"FAIL",IF(COUNTIFS('Test Execution'!$B$2:$B$200,A11,'Test Execution'!$M$2:$M$200,"NOT EXECUTED")>0,"NOT EXECUTED","PASS"))) -> NOT COVERED
A12: SwHLR08 | B12: Software HLR | C12: ICE Mode Internal Transition Family | D12: While in ICE with no higher-priority external exit, evaluate internal transitions to Start and Hybrid. | E12: SysHLR01, SysHLR03 | F12: Person D + Person E | G12: =IF(H12>0,"YES","NO") -> YES | H12: =COUNTIF('Test Cases'!$B$2:$B$200,A12) -> 1 | I12: =IF(H12=0,"NOT COVERED",IF(COUNTIFS('Test Execution'!$B$2:$B$200,A12,'Test Execution'!$M$2:$M$200,"FAIL")>0,"FAIL",IF(COUNTIFS('Test Execution'!$B$2:$B$200,A12,'Test Execution'!$M$2:$M$200,"NOT EXECUTED")>0,"NOT EXECUTED","PASS"))) -> PASS
A13: SwHLR09 | B13: Software HLR | C13: Hybrid Mode Internal Transition Family | D13: While in Hybrid with no higher-priority external exit, evaluate internal transitions to Start and ICE. | E13: SysHLR01, SysHLR03 | F13: Person D + Person E | G13: =IF(H13>0,"YES","NO") -> YES | H13: =COUNTIF('Test Cases'!$B$2:$B$200,A13) -> 1 | I13: =IF(H13=0,"NOT COVERED",IF(COUNTIFS('Test Execution'!$B$2:$B$200,A13,'Test Execution'!$M$2:$M$200,"FAIL")>0,"FAIL",IF(COUNTIFS('Test Execution'!$B$2:$B$200,A13,'Test Execution'!$M$2:$M$200,"NOT EXECUTED")>0,"NOT EXECUTED","PASS"))) -> PASS
... A41: NfHLR04 | B41: Non-Functional | C41: Deterministic Outputs and Reproducibility | D41: Same initial mode + same inputs -> same output sequence across repeated runs. | E41: - | F41: Shared requirements | G41: =IF(H41>0,"YES","NO") -> YES | H41: =COUNTIF('Test Cases'!$B$2:$B$200,A41) -> 1 | I41: =IF(H41=0,"NOT COVERED",IF(COUNTIFS('Test Execution'!$B$2:$B$200,A41,'Test Execution'!$M$2:$M$200,"FAIL")>0,"FAIL",IF(COUNTIFS('Test Execution'!$B$2:$B$200,A41,'Test Execution'!$M$2:$M$200,"NOT EXECUTED")>0,"NOT EXECUTED","PASS"))) -> PASS

Sheet Test Cases
A1: TC ID | B1: Req ID | C1: Owner | D1: Code File | E1: Code Element | F1: Code Lines | G1: Test File | H1: Test Function | I1: Test Definition Line | J1: Unity Run Line | K1: Expected / Assertion | L1: Expected Result | M1: Description / Rationale | N1: Suite | O1: Requirement Source | P1: Execution Date | Q1: Actual Result | R1: Status | S1: Evidence / Notes
A2: TC_PE_001 | B2: SwHLR01 | C2: Shared requirements | D2: src/mode_logic_team.c | E2: ModeLogic_Init | F2: 247-253 | G2: tests/Person_E_Gustavo/test_person_e.c | H2: test_ModeLogic_Init_sets_standstill | I2: 80 | J2: 790 | K2: Unity assertions in the test function must pass. | L2: PASS | M2: Specific Unity test for SwHLR01. | N2: Person E | O2: doc/mapeamento_transicoes_secao4_por_responsavel.md | P2: 2026-04-24 | Q2: PASS | R2: PASS | S2: test_person_e.c:790:test_ModeLogic_Init_sets_standstill:PASS
A3: TC_PE_002 | B3: SwHLR10 | C3: Shared requirements | D3: src/mode_logic_team.c | E3: ModeLogic_Init; ModeLogic_Step default | F3: 247-253, 255-296 | G3: tests/Person_E_Gustavo/test_person_e.c | H3: test_ModeLogic_Init_tolerates_null | I3: 88 | J3: 791 | K3: Assertion expects NULL argument handling without state/output corruption. | L3: PASS | M3: Specific Unity test for SwHLR10. | N3: Person E | O3: doc/mapeamento_transicoes_secao4_por_responsavel.md | P3: 2026-04-24 | Q3: PASS | R3: PASS | S3: test_person_e.c:791:test_ModeLogic_Init_tolerates_null:PASS
A4: TC_PE_003 | B4: SwHLR10 | C4: Shared requirements | D4: src/mode_logic_team.c | E4: ModeLogic_Init; ModeLogic_Step default | F4: 247-253, 255-296 | G4: tests/Person_E_Gustavo/test_person_e.c | H4: test_ModeLogic_Step_tolerates_null_args | I4: 95 | J4: 792 | K4: Assertion expects NULL argument handling without state/output corruption. | L4: PASS | M4: Specific Unity test for SwHLR10. | N4: Person E | O4: doc/mapeamento_transicoes_secao4_por_responsavel.md | P4: 2026-04-24 | Q4: PASS | R4: PASS | S4: test_person_e.c:792:test_ModeLogic_Step_tolerates_null_args:PASS
A5: TC_PE_004 | B5: SwLLR09 | C5: Person E | D5: src/mode_logic_team.c | E5: motion_ice_common_exit | F5: 91-94 | G5: tests/Person_E_Gustavo/test_person_e.c | H5: test_SwLLR09_Start_to_RegenB_positive | I5: 115 | J5: 795 | K5: Assertion expects transition/result for MODE_REGENB. | L5: PASS | M5: Specific Unity test for SwLLR09. | N5: Person E | O5: doc/mapeamento_transicoes_secao4_por_responsavel.md | P5: 2026-04-24 | Q5: PASS | R5: PASS | S5: test_person_e.c:795:test_SwLLR09_Start_to_RegenB_positive:PASS
A6: TC_PE_005 | B6: SwLLR09 | C6: Person E | D6: src/mode_logic_team.c | E6: motion_ice_common_exit | F6: 91-94 | G6: tests/Person_E_Gustavo/test_person_e.c | H6: test_SwLLR09_Start_blocked_by_wEng_not_over_ENG_ON | I6: 123 | J6: 796 | K6: Assertion expects guard to block the transition. | L6: PASS | M6: Specific Unity test for SwLLR09. | N6: Person E | O6: doc/mapeamento_transicoes_secao4_por_responsavel.md | P6: 2026-04-24 | Q6: PASS | R6: PASS | S6: test_person_e.c:796:test_SwLLR09_Start_blocked_by_wEng_not_over_ENG_ON:PASS
A7: TC_PE_006 | B7: SwLLR09 | C7: Person E | D7: src/mode_logic_team.c | E7: motion_ice_common_exit | F7: 91-94 | G7: tests/Person_E_Gustavo/test_person_e.c | H7: test_SwLLR09_Start_blocked_by_speed_not_over_SPEED_REGEN | I7: 132 | J7: 797 | K7: Assertion expects guard to block the transition. | L7: PASS | M7: Specific Unity test for SwLLR09. | N7: Person E | O7: doc/mapeamento_transicoes_secao4_por_responsavel.md | P7: 2026-04-24 | Q7: PASS | R7: PASS | S7: test_person_e.c:797:test_SwLLR09_Start_blocked_by_speed_not_over_SPEED_REGEN:PASS
A8: TC_PE_007 | B8: SwLLR09 | C8: Person E | D8: src/mode_logic_team.c | E8: motion_ice_common_exit | F8: 91-94 | G8: tests/Person_E_Gustavo/test_person_e.c | H8: test_SwLLR09_Start_blocked_by_P_dem_not_under_PDEM_REGEN | I8: 140 | J8: 798 | K8: Assertion expects guard to block the transition. | L8: PASS | M8: Specific Unity test for SwLLR09. | N8: Person E | O8: doc/mapeamento_transicoes_secao4_por_responsavel.md | P8: 2026-04-24 | Q8: PASS | R8: PASS | S8: test_person_e.c:798:test_SwLLR09_Start_blocked_by_P_dem_not_under_PDEM_REGEN:PASS
A9: TC_PE_008 | B9: SwLLR10 | C9: Person E | D9: src/mode_logic_team.c | E9: motion_ice_common_exit | F9: 91-94 | G9: tests/Person_E_Gustavo/test_person_e.c | H9: test_SwLLR10_ICE_to_RegenB_positive | I9: 151 | J9: 801 | K9: Assertion expects transition/result for MODE_REGENB. | L9: PASS | M9: Specific Unity test for SwLLR10. | N9: Person E | O9: doc/mapeamento_transicoes_secao4_por_responsavel.md | P9: 2026-04-24 | Q9: PASS | R9: PASS | S9: test_person_e.c:801:test_SwLLR10_ICE_to_RegenB_positive:PASS
A10: TC_PE_009 | B10: SwLLR10 | C10: Person E | D10: src/mode_logic_team.c | E10: motion_ice_common_exit | F10: 91-94 | G10: tests/Person_E_Gustavo/test_person_e.c | H10: test_SwLLR10_ICE_blocked_by_wEng | I10: 158 | J10: 802 | K10: Assertion expects guard to block the transition. | L10: PASS | M10: Specific Unity test for SwLLR10. | N10: Person E | O10: doc/mapeamento_transicoes_secao4_por_responsavel.md | P10: 2026-04-24 | Q10: PASS | R10: PASS | S10: test_person_e.c:802:test_SwLLR10_ICE_blocked_by_wEng:PASS
A11: TC_PE_010 | B11: SwLLR10 | C11: Person E | D11: src/mode_logic_team.c | E11: motion_ice_common_exit | F11: 91-94 | G11: tests/Person_E_Gustavo/test_person_e.c | H11: test_SwLLR10_ICE_blocked_by_speed | I11: 165 | J11: 803 | K11: Assertion expects guard to block the transition. | L11: PASS | M11: Specific Unity test for SwLLR10. | N11: Person E | O11: doc/mapeamento_transicoes_secao4_por_responsavel.md | P11: 2026-04-24 | Q11: PASS | R11: PASS | S11: test_person_e.c:803:test_SwLLR10_ICE_blocked_by_speed:PASS
A12: TC_PE_011 | B12: SwLLR10 | C12: Person E | D12: src/mode_logic_team.c | E12: motion_ice_common_exit | F12: 91-94 | G12: tests/Person_E_Gustavo/test_person_e.c | H12: test_SwLLR10_ICE_blocked_by_P_dem | I12: 172 | J12: 804 | K12: Assertion expects guard to block the transition. | L12: PASS | M12: Specific Unity test for SwLLR10. | N12: Person E | O12: doc/mapeamento_transicoes_secao4_por_responsavel.md | P12: 2026-04-24 | Q12: PASS | R12: PASS | S12: test_person_e.c:804:test_SwLLR10_ICE_blocked_by_P_dem:PASS
A13: TC_PE_012 | B13: SwLLR11 | C13: Person E | D13: src/mode_logic_team.c | E13: motion_ice_common_exit | F13: 91-94 | G13: tests/Person_E_Gustavo/test_person_e.c | H13: test_SwLLR11_Hybrid_to_RegenB_positive | I13: 183 | J13: 807 | K13: Assertion expects transition/result for MODE_REGENB. | L13: PASS | M13: Specific Unity test for SwLLR11. | N13: Person E | O13: doc/mapeamento_transicoes_secao4_por_responsavel.md | P13: 2026-04-24 | Q13: PASS | R13: PASS | S13: test_person_e.c:807:test_SwLLR11_Hybrid_to_RegenB_positive:PASS
... A106: TC_SH_029 | B106: NfHLR04 | C106: Shared requirements | D106: src/mode_logic_team.c | E106: ModeLogic_Step | F106: 255-296 | G106: tests/shared_tests/test_shared_requirements.c | H106: test_NfHLR04_same_sequence_produces_same_outputs | I106: 404 | J106: 491 | K106: Assertion expects identical repeated mode/output traces. | L106: PASS | M106: Specific Unity test for NfHLR04. | N106: Shared requirements | O106: doc/mapeamento_transicoes_secao4_por_responsavel.md | P106: 2026-04-24 | Q106: PASS | R106: PASS | S106: test_shared_requirements.c:491:test_NfHLR04_same_sequence_produces_same_outputs:PASS

Sheet Traceability Matrix
A1: Req ID | B1: TC ID | C1: Test Function | D1: Code Element | E1: File | F1: Line Number | G1: Verification Criteria | H1: Test File | I1: Test Line | J1: Remarks
A2: SwHLR01 | B2: TC_PE_001 | C2: test_ModeLogic_Init_sets_standstill | D2: ModeLogic_Init | E2: src/mode_logic_team.c | F2: 247-253 | G2: Unity unit test result | H2: tests/Person_E_Gustavo/test_person_e.c | I2: 80
A3: SwHLR10 | B3: TC_PE_002 | C3: test_ModeLogic_Init_tolerates_null | D3: ModeLogic_Init; ModeLogic_Step default | E3: src/mode_logic_team.c | F3: 247-253, 255-296 | G3: Unity unit test result | H3: tests/Person_E_Gustavo/test_person_e.c | I3: 88
A4: SwHLR10 | B4: TC_PE_003 | C4: test_ModeLogic_Step_tolerates_null_args | D4: ModeLogic_Init; ModeLogic_Step default | E4: src/mode_logic_team.c | F4: 247-253, 255-296 | G4: Unity unit test result | H4: tests/Person_E_Gustavo/test_person_e.c | I4: 95
A5: SwLLR09 | B5: TC_PE_004 | C5: test_SwLLR09_Start_to_RegenB_positive | D5: motion_ice_common_exit | E5: src/mode_logic_team.c | F5: 91-94 | G5: Unity unit test result | H5: tests/Person_E_Gustavo/test_person_e.c | I5: 115
A6: SwLLR09 | B6: TC_PE_005 | C6: test_SwLLR09_Start_blocked_by_wEng_not_over_ENG_ON | D6: motion_ice_common_exit | E6: src/mode_logic_team.c | F6: 91-94 | G6: Unity unit test result | H6: tests/Person_E_Gustavo/test_person_e.c | I6: 123
A7: SwLLR09 | B7: TC_PE_006 | C7: test_SwLLR09_Start_blocked_by_speed_not_over_SPEED_REGEN | D7: motion_ice_common_exit | E7: src/mode_logic_team.c | F7: 91-94 | G7: Unity unit test result | H7: tests/Person_E_Gustavo/test_person_e.c | I7: 132
A8: SwLLR09 | B8: TC_PE_007 | C8: test_SwLLR09_Start_blocked_by_P_dem_not_under_PDEM_REGEN | D8: motion_ice_common_exit | E8: src/mode_logic_team.c | F8: 91-94 | G8: Unity unit test result | H8: tests/Person_E_Gustavo/test_person_e.c | I8: 140
A9: SwLLR10 | B9: TC_PE_008 | C9: test_SwLLR10_ICE_to_RegenB_positive | D9: motion_ice_common_exit | E9: src/mode_logic_team.c | F9: 91-94 | G9: Unity unit test result | H9: tests/Person_E_Gustavo/test_person_e.c | I9: 151
A10: SwLLR10 | B10: TC_PE_009 | C10: test_SwLLR10_ICE_blocked_by_wEng | D10: motion_ice_common_exit | E10: src/mode_logic_team.c | F10: 91-94 | G10: Unity unit test result | H10: tests/Person_E_Gustavo/test_person_e.c | I10: 158
A11: SwLLR10 | B11: TC_PE_010 | C11: test_SwLLR10_ICE_blocked_by_speed | D11: motion_ice_common_exit | E11: src/mode_logic_team.c | F11: 91-94 | G11: Unity unit test result | H11: tests/Person_E_Gustavo/test_person_e.c | I11: 165
A12: SwLLR10 | B12: TC_PE_011 | C12: test_SwLLR10_ICE_blocked_by_P_dem | D12: motion_ice_common_exit | E12: src/mode_logic_team.c | F12: 91-94 | G12: Unity unit test result | H12: tests/Person_E_Gustavo/test_person_e.c | I12: 172
A13: SwLLR11 | B13: TC_PE_012 | C13: test_SwLLR11_Hybrid_to_RegenB_positive | D13: motion_ice_common_exit | E13: src/mode_logic_team.c | F13: 91-94 | G13: Unity unit test result | H13: tests/Person_E_Gustavo/test_person_e.c | I13: 183
... A106: NfHLR04 | B106: TC_SH_029 | C106: test_NfHLR04_same_sequence_produces_same_outputs | D106: ModeLogic_Step | E106: src/mode_logic_team.c | F106: 255-296 | G106: Unity unit test result | H106: tests/shared_tests/test_shared_requirements.c | I106: 404

Sheet Test Execution
A1: TC ID | B1: Req ID | C1: Test File | D1: Test Function | E1: Unity Run Line | F1: Executed by | G1: Date | H1: Expected Result | I1: Actual Result | J1: Evidence / Notes | K1: Suite | L1: Test Definition Line | M1: Status (auto) | N1: Run Command
A2: TC_PE_001 | B2: SwHLR01 | C2: tests/Person_E_Gustavo/test_person_e.c | D2: test_ModeLogic_Init_sets_standstill | E2: 790 | F2: Automated Unity run | G2: 2026-04-24 | H2: PASS | I2: PASS | J2: test_person_e.c:790:test_ModeLogic_Init_sets_standstill:PASS | K2: Person E | L2: 80 | M2: =IF(I2="","NOT EXECUTED",IF(I2="PASS","PASS",IF(I2="IGNORE","N/A","FAIL"))) -> PASS | N2: gcc ... test_person_e.c && ./test_person_e_workbook.exe
A3: TC_PE_002 | B3: SwHLR10 | C3: tests/Person_E_Gustavo/test_person_e.c | D3: test_ModeLogic_Init_tolerates_null | E3: 791 | F3: Automated Unity run | G3: 2026-04-24 | H3: PASS | I3: PASS | J3: test_person_e.c:791:test_ModeLogic_Init_tolerates_null:PASS | K3: Person E | L3: 88 | M3: =IF(I3="","NOT EXECUTED",IF(I3="PASS","PASS",IF(I3="IGNORE","N/A","FAIL"))) -> PASS | N3: gcc ... test_person_e.c && ./test_person_e_workbook.exe
A4: TC_PE_003 | B4: SwHLR10 | C4: tests/Person_E_Gustavo/test_person_e.c | D4: test_ModeLogic_Step_tolerates_null_args | E4: 792 | F4: Automated Unity run | G4: 2026-04-24 | H4: PASS | I4: PASS | J4: test_person_e.c:792:test_ModeLogic_Step_tolerates_null_args:PASS | K4: Person E | L4: 95 | M4: =IF(I4="","NOT EXECUTED",IF(I4="PASS","PASS",IF(I4="IGNORE","N/A","FAIL"))) -> PASS | N4: gcc ... test_person_e.c && ./test_person_e_workbook.exe
A5: TC_PE_004 | B5: SwLLR09 | C5: tests/Person_E_Gustavo/test_person_e.c | D5: test_SwLLR09_Start_to_RegenB_positive | E5: 795 | F5: Automated Unity run | G5: 2026-04-24 | H5: PASS | I5: PASS | J5: test_person_e.c:795:test_SwLLR09_Start_to_RegenB_positive:PASS | K5: Person E | L5: 115 | M5: =IF(I5="","NOT EXECUTED",IF(I5="PASS","PASS",IF(I5="IGNORE","N/A","FAIL"))) -> PASS | N5: gcc ... test_person_e.c && ./test_person_e_workbook.exe
A6: TC_PE_005 | B6: SwLLR09 | C6: tests/Person_E_Gustavo/test_person_e.c | D6: test_SwLLR09_Start_blocked_by_wEng_not_over_ENG_ON | E6: 796 | F6: Automated Unity run | G6: 2026-04-24 | H6: PASS | I6: PASS | J6: test_person_e.c:796:test_SwLLR09_Start_blocked_by_wEng_not_over_ENG_ON:PASS | K6: Person E | L6: 123 | M6: =IF(I6="","NOT EXECUTED",IF(I6="PASS","PASS",IF(I6="IGNORE","N/A","FAIL"))) -> PASS | N6: gcc ... test_person_e.c && ./test_person_e_workbook.exe
A7: TC_PE_006 | B7: SwLLR09 | C7: tests/Person_E_Gustavo/test_person_e.c | D7: test_SwLLR09_Start_blocked_by_speed_not_over_SPEED_REGEN | E7: 797 | F7: Automated Unity run | G7: 2026-04-24 | H7: PASS | I7: PASS | J7: test_person_e.c:797:test_SwLLR09_Start_blocked_by_speed_not_over_SPEED_REGEN:PASS | K7: Person E | L7: 132 | M7: =IF(I7="","NOT EXECUTED",IF(I7="PASS","PASS",IF(I7="IGNORE","N/A","FAIL"))) -> PASS | N7: gcc ... test_person_e.c && ./test_person_e_workbook.exe
A8: TC_PE_007 | B8: SwLLR09 | C8: tests/Person_E_Gustavo/test_person_e.c | D8: test_SwLLR09_Start_blocked_by_P_dem_not_under_PDEM_REGEN | E8: 798 | F8: Automated Unity run | G8: 2026-04-24 | H8: PASS | I8: PASS | J8: test_person_e.c:798:test_SwLLR09_Start_blocked_by_P_dem_not_under_PDEM_REGEN:PASS | K8: Person E | L8: 140 | M8: =IF(I8="","NOT EXECUTED",IF(I8="PASS","PASS",IF(I8="IGNORE","N/A","FAIL"))) -> PASS | N8: gcc ... test_person_e.c && ./test_person_e_workbook.exe
A9: TC_PE_008 | B9: SwLLR10 | C9: tests/Person_E_Gustavo/test_person_e.c | D9: test_SwLLR10_ICE_to_RegenB_positive | E9: 801 | F9: Automated Unity run | G9: 2026-04-24 | H9: PASS | I9: PASS | J9: test_person_e.c:801:test_SwLLR10_ICE_to_RegenB_positive:PASS | K9: Person E | L9: 151 | M9: =IF(I9="","NOT EXECUTED",IF(I9="PASS","PASS",IF(I9="IGNORE","N/A","FAIL"))) -> PASS | N9: gcc ... test_person_e.c && ./test_person_e_workbook.exe
A10: TC_PE_009 | B10: SwLLR10 | C10: tests/Person_E_Gustavo/test_person_e.c | D10: test_SwLLR10_ICE_blocked_by_wEng | E10: 802 | F10: Automated Unity run | G10: 2026-04-24 | H10: PASS | I10: PASS | J10: test_person_e.c:802:test_SwLLR10_ICE_blocked_by_wEng:PASS | K10: Person E | L10: 158 | M10: =IF(I10="","NOT EXECUTED",IF(I10="PASS","PASS",IF(I10="IGNORE","N/A","FAIL"))) -> PASS | N10: gcc ... test_person_e.c && ./test_person_e_workbook.exe
A11: TC_PE_010 | B11: SwLLR10 | C11: tests/Person_E_Gustavo/test_person_e.c | D11: test_SwLLR10_ICE_blocked_by_speed | E11: 803 | F11: Automated Unity run | G11: 2026-04-24 | H11: PASS | I11: PASS | J11: test_person_e.c:803:test_SwLLR10_ICE_blocked_by_speed:PASS | K11: Person E | L11: 165 | M11: =IF(I11="","NOT EXECUTED",IF(I11="PASS","PASS",IF(I11="IGNORE","N/A","FAIL"))) -> PASS | N11: gcc ... test_person_e.c && ./test_person_e_workbook.exe
A12: TC_PE_011 | B12: SwLLR10 | C12: tests/Person_E_Gustavo/test_person_e.c | D12: test_SwLLR10_ICE_blocked_by_P_dem | E12: 804 | F12: Automated Unity run | G12: 2026-04-24 | H12: PASS | I12: PASS | J12: test_person_e.c:804:test_SwLLR10_ICE_blocked_by_P_dem:PASS | K12: Person E | L12: 172 | M12: =IF(I12="","NOT EXECUTED",IF(I12="PASS","PASS",IF(I12="IGNORE","N/A","FAIL"))) -> PASS | N12: gcc ... test_person_e.c && ./test_person_e_workbook.exe
A13: TC_PE_012 | B13: SwLLR11 | C13: tests/Person_E_Gustavo/test_person_e.c | D13: test_SwLLR11_Hybrid_to_RegenB_positive | E13: 807 | F13: Automated Unity run | G13: 2026-04-24 | H13: PASS | I13: PASS | J13: test_person_e.c:807:test_SwLLR11_Hybrid_to_RegenB_positive:PASS | K13: Person E | L13: 183 | M13: =IF(I13="","NOT EXECUTED",IF(I13="PASS","PASS",IF(I13="IGNORE","N/A","FAIL"))) -> PASS | N13: gcc ... test_person_e.c && ./test_person_e_workbook.exe
... A106: TC_SH_029 | B106: NfHLR04 | C106: tests/shared_tests/test_shared_requirements.c | D106: test_NfHLR04_same_sequence_produces_same_outputs | E106: 491 | F106: Automated Unity run | G106: 2026-04-24 | H106: PASS | I106: PASS | J106: test_shared_requirements.c:491:test_NfHLR04_same_sequence_produces_same_outputs:PASS | K106: Shared requirements | L106: 404 | M106: =IF(I106="","NOT EXECUTED",IF(I106="PASS","PASS",IF(I106="IGNORE","N/A","FAIL"))) -> PASS | N106: gcc ... test_shared_requirements.c && ./test_shared_workbook.exe

Sheet Coverage Summary
B2: Coverage & Test Execution Summary
B4: Requirements Coverage
B5: Total Requirements | C5: =COUNTA(Requirements!A2:A41) -> 40
B6: Requirements Covered | C6: =COUNTIF(Requirements!G2:G41,"YES") -> 22
B7: Requirements Not Covered | C7: =COUNTIF(Requirements!G2:G41,"NO") -> 18
B8: Coverage % | C8: =IFERROR(C6/C5,0) -> 0.55
B10: Coverage by Requirement Type
B11: Type | C11: Total | D11: Covered | E11: Not Covered | F11: Coverage %
B12: System HLR | C12: =COUNTIF(Requirements!B2:B41,B12) -> 3 | D12: =COUNTIFS(Requirements!B2:B41,B12,Requirements!G2:G41,"YES") -> 3 | E12: =COUNTIFS(Requirements!B2:B41,B12,Requirements!G2:G41,"NO") -> 0 | F12: =IFERROR(D12/C12,0) -> 1
B13: Software HLR | C13: =COUNTIF(Requirements!B2:B41,B13) -> 10 | D13: =COUNTIFS(Requirements!B2:B41,B13,Requirements!G2:G41,"YES") -> 6 | E13: =COUNTIFS(Requirements!B2:B41,B13,Requirements!G2:G41,"NO") -> 4 | F13: =IFERROR(D13/C13,0) -> 0.6
B14: Software LLR | C14: =COUNTIF(Requirements!B2:B41,B14) -> 23 | D14: =COUNTIFS(Requirements!B2:B41,B14,Requirements!G2:G41,"YES") -> 11 | E14: =COUNTIFS(Requirements!B2:B41,B14,Requirements!G2:G41,"NO") -> 12 | F14: =IFERROR(D14/C14,0) -> 0.47826087
B15: Non-Functional | C15: =COUNTIF(Requirements!B2:B41,B15) -> 4 | D15: =COUNTIFS(Requirements!B2:B41,B15,Requirements!G2:G41,"YES") -> 2 | E15: =COUNTIFS(Requirements!B2:B41,B15,Requirements!G2:G41,"NO") -> 2 | F15: =IFERROR(D15/C15,0) -> 0.5
B17: Test Execution
B18: Total Test Cases authored | C18: =COUNTA('Test Cases'!A2:A200) -> 105
B19: Executed (PASS) | C19: =COUNTIF('Test Execution'!M2:M200,"PASS") -> 105
B20: Executed (FAIL) | C20: =COUNTIF('Test Execution'!M2:M200,"FAIL") -> 0
B21: Not Executed | C21: =COUNTIF('Test Execution'!M2:M200,"NOT EXECUTED") -> 0
B22: N/A | C22: =COUNTIF('Test Execution'!M2:M200,"N/A") -> 0
B23: Blocked | C23: =COUNTIF('Test Execution'!M2:M200,"BLOCKED") -> 0
B24: Pass Rate | C24: =IFERROR(C19/(C19+C20),0) -> 1
