Workbook

Sheet Cover
B2: Functional Tests - VMU Mode Logic
B4: Project | C4: HEV Power-Split Mode Logic (HEV_powersplit_adapted)
B5: Source under test | C5: src/mode_logic_team.c
B6: Header | C6: inc/mode_logic_team.h
B7: Requirements | C7: doc/Requisitos_preview.pdf (Sections 4 and 5)
B8: Test file
B9: Deliverable | C9: 4/4 Tests - Functional testing: Excel sheet with basic functional test cases and evidence of coverage for all requirement IDs
B10: Version | C10: 0.4
B11: Date | C11: 2026-04-23
B12: Responsible team | C12: Danilo (A), Marinel (B), Bruna (C), Hugo (D), Gustavo (E)
B14: Sheet layout
B15: Requirements | C15: Catalog of 40 requirements (SysHLR, SwHLR, SwLLR, NfHLR) with coverage/status auto-fields.
B16: Test Cases | C16: One row per test case: TC ID and Req ID in separate columns, code references, inputs, expected outputs.
B17: Traceability Matrix | C17: AUTOSAR-style: one row per (Req, TC) pair with Code Element / File / Line Number.
B18: Test Execution | C18: One row per TC with lookup of expected values; Status is auto-computed by comparing expected vs actual (mode + Mot/Gen/ICE).
B19: Coverage Summary | C19: KPIs: coverage by req type, total/pass/fail/not-executed counters, pass-rate.
B21: Status Legend
B22: PASS | C22: Actual mode AND all three enables match expected.
B23: FAIL | C23: At least one of {mode, Mot_Enable, Gen_Enable, ICE_Enable} differs.
B24: NOT EXECUTED | C24: Test authored but not yet run (all actual fields empty).
B25: N/A | C25: Not verifiable via dynamic functional test (e.g., static property).
B26: BLOCKED | C26: Test cannot be executed because of an external blocker.

Sheet Requirements
A1: Req ID | B1: Type | C1: Title | D1: Description | E1: Derived From | F1: Owner | G1: Covered? | H1: # Test Cases | I1: Status
A2: SysHLR01 | B2: System HLR | C2: Power-Split Supervisory Mode Selection | D2: VMU selects exactly one operating mode from {Standstill, EV, RegenB, Start, ICE, Hybrid} each cycle, evaluating speed, P_dem, SOC, wEng. | E2: - | F2: Team | G2: =IF(COUNTIF('Traceability Matrix'!A:A,A2)>0,"YES","NO") -> YES | H2: =COUNTIF('Traceability Matrix'!A:A,A2) -> 2 | I2: =IF(H2=0,"NOT COVERED",IF(SUMPRODUCT(('Traceability Matrix'!$A$2:$A$70=A2)*(IFERROR(VLOOKUP('Traceability Matrix'!$G$2:$G$70,'Test Execution'!$A:$M,13,FALSE),"")="FAIL"))>0,"FAIL",IF(SUMPRODUCT(('Traceability Matrix'!$A$2:$A$70=A2)*(IFERROR(VLOOKUP('Traceability Matrix'!$G$2:$G$70,'Test Execution'!$A:$M,13,FALSE),"")="PASS"))=H2,"PASS","IN PROGRESS"))) -> IN PROGRESS
A3: SysHLR02 | B3: System HLR | C3: Deterministic Powertrain Enable Coordination | D3: For each selected mode, VMU commands deterministic Mot/Gen/ICE enable per mapping: Standstill{0,0,0}, EV{1,0,0}, RegenB{1,0,0}, Start{1,1,0}, ICE{0,1,1}, Hybrid{1,1,1}. | E3: - | F3: Team | G3: =IF(COUNTIF('Traceability Matrix'!A:A,A3)>0,"YES","NO") -> YES | H3: =COUNTIF('Traceability Matrix'!A:A,A3) -> 2 | I3: =IF(H3=0,"NOT COVERED",IF(SUMPRODUCT(('Traceability Matrix'!$A$2:$A$70=A3)*(IFERROR(VLOOKUP('Traceability Matrix'!$G$2:$G$70,'Test Execution'!$A:$M,13,FALSE),"")="FAIL"))>0,"FAIL",IF(SUMPRODUCT(('Traceability Matrix'!$A$2:$A$70=A3)*(IFERROR(VLOOKUP('Traceability Matrix'!$G$2:$G$70,'Test Execution'!$A:$M,13,FALSE),"")="PASS"))=H3,"PASS","IN PROGRESS"))) -> IN PROGRESS
A4: SysHLR03 | B4: System HLR | C4: Calibratable and Hysteretic Transition Strategy | D4: Transitions use named calibrations (ENG_ON/OFF, SPEED_*, PDEM_*, SOC_*) preserving hysteresis on SOC and engine-speed thresholds. | E4: - | F4: Team | G4: =IF(COUNTIF('Traceability Matrix'!A:A,A4)>0,"YES","NO") -> YES | H4: =COUNTIF('Traceability Matrix'!A:A,A4) -> 2 | I4: =IF(H4=0,"NOT COVERED",IF(SUMPRODUCT(('Traceability Matrix'!$A$2:$A$70=A4)*(IFERROR(VLOOKUP('Traceability Matrix'!$G$2:$G$70,'Test Execution'!$A:$M,13,FALSE),"")="FAIL"))>0,"FAIL",IF(SUMPRODUCT(('Traceability Matrix'!$A$2:$A$70=A4)*(IFERROR(VLOOKUP('Traceability Matrix'!$G$2:$G$70,'Test Execution'!$A:$M,13,FALSE),"")="PASS"))=H4,"PASS","IN PROGRESS"))) -> IN PROGRESS
A5: SwHLR01 | B5: Software HLR | C5: Initialization Behavior | D5: Software initializes the active mode to Standstill before the first normal evaluation cycle. | E5: SysHLR01 | F5: Team | G5: =IF(COUNTIF('Traceability Matrix'!A:A,A5)>0,"YES","NO") -> YES | H5: =COUNTIF('Traceability Matrix'!A:A,A5) -> 1 | I5: =IF(H5=0,"NOT COVERED",IF(SUMPRODUCT(('Traceability Matrix'!$A$2:$A$70=A5)*(IFERROR(VLOOKUP('Traceability Matrix'!$G$2:$G$70,'Test Execution'!$A:$M,13,FALSE),"")="FAIL"))>0,"FAIL",IF(SUMPRODUCT(('Traceability Matrix'!$A$2:$A$70=A5)*(IFERROR(VLOOKUP('Traceability Matrix'!$G$2:$G$70,'Test Execution'!$A:$M,13,FALSE),"")="PASS"))=H5,"PASS","IN PROGRESS"))) -> IN PROGRESS
A6: SwHLR02 | B6: Software HLR | C6: Deterministic Output Mapping by Active Mode | D6: Software commands enable outputs associated with the resolved active mode per the model mapping. | E6: SysHLR02 | F6: Team | G6: =IF(COUNTIF('Traceability Matrix'!A:A,A6)>0,"YES","NO") -> YES | H6: =COUNTIF('Traceability Matrix'!A:A,A6) -> 1 | I6: =IF(H6=0,"NOT COVERED",IF(SUMPRODUCT(('Traceability Matrix'!$A$2:$A$70=A6)*(IFERROR(VLOOKUP('Traceability Matrix'!$G$2:$G$70,'Test Execution'!$A:$M,13,FALSE),"")="FAIL"))>0,"FAIL",IF(SUMPRODUCT(('Traceability Matrix'!$A$2:$A$70=A6)*(IFERROR(VLOOKUP('Traceability Matrix'!$G$2:$G$70,'Test Execution'!$A:$M,13,FALSE),"")="PASS"))=H6,"PASS","IN PROGRESS"))) -> IN PROGRESS
A7: SwHLR03 | B7: Software HLR | C7: Standstill Transition Family | D7: While in Standstill, evaluate exits to EV and Start in priority order. | E7: SysHLR01, SysHLR03 | F7: Person A (Danilo) | G7: =IF(COUNTIF('Traceability Matrix'!A:A,A7)>0,"YES","NO") -> YES | H7: =COUNTIF('Traceability Matrix'!A:A,A7) -> 4 | I7: =IF(H7=0,"NOT COVERED",IF(SUMPRODUCT(('Traceability Matrix'!$A$2:$A$70=A7)*(IFERROR(VLOOKUP('Traceability Matrix'!$G$2:$G$70,'Test Execution'!$A:$M,13,FALSE),"")="FAIL"))>0,"FAIL",IF(SUMPRODUCT(('Traceability Matrix'!$A$2:$A$70=A7)*(IFERROR(VLOOKUP('Traceability Matrix'!$G$2:$G$70,'Test Execution'!$A:$M,13,FALSE),"")="PASS"))=H7,"PASS","IN PROGRESS"))) -> IN PROGRESS
A8: SwHLR04 | B8: Software HLR | C8: EV Transition Family | D8: While in EV, evaluate exits to RegenB, Start, Standstill in priority order. | E8: SysHLR01, SysHLR03 | F8: Person B (Marinel) | G8: =IF(COUNTIF('Traceability Matrix'!A:A,A8)>0,"YES","NO") -> YES | H8: =COUNTIF('Traceability Matrix'!A:A,A8) -> 5 | I8: =IF(H8=0,"NOT COVERED",IF(SUMPRODUCT(('Traceability Matrix'!$A$2:$A$70=A8)*(IFERROR(VLOOKUP('Traceability Matrix'!$G$2:$G$70,'Test Execution'!$A:$M,13,FALSE),"")="FAIL"))>0,"FAIL",IF(SUMPRODUCT(('Traceability Matrix'!$A$2:$A$70=A8)*(IFERROR(VLOOKUP('Traceability Matrix'!$G$2:$G$70,'Test Execution'!$A:$M,13,FALSE),"")="PASS"))=H8,"PASS","IN PROGRESS"))) -> IN PROGRESS
A9: SwHLR05 | B9: Software HLR | C9: Regenerative-Braking Transition Family | D9: While in RegenB, evaluate exits to Start, Standstill, EV in priority order. | E9: SysHLR01, SysHLR03 | F9: Person C (Bruna) | G9: =IF(COUNTIF('Traceability Matrix'!A:A,A9)>0,"YES","NO") -> YES | H9: =COUNTIF('Traceability Matrix'!A:A,A9) -> 4 | I9: =IF(H9=0,"NOT COVERED",IF(SUMPRODUCT(('Traceability Matrix'!$A$2:$A$70=A9)*(IFERROR(VLOOKUP('Traceability Matrix'!$G$2:$G$70,'Test Execution'!$A:$M,13,FALSE),"")="FAIL"))>0,"FAIL",IF(SUMPRODUCT(('Traceability Matrix'!$A$2:$A$70=A9)*(IFERROR(VLOOKUP('Traceability Matrix'!$G$2:$G$70,'Test Execution'!$A:$M,13,FALSE),"")="PASS"))=H9,"PASS","IN PROGRESS"))) -> IN PROGRESS
A10: SwHLR06 | B10: Software HLR | C10: Engine-Supported External Exit Family | D10: While in Start/ICE/Hybrid, evaluate external exits to RegenB, EV, Standstill before internal transitions. | E10: SysHLR01, SysHLR03 | F10: Person E (Gustavo) | G10: =IF(COUNTIF('Traceability Matrix'!A:A,A10)>0,"YES","NO") -> YES | H10: =COUNTIF('Traceability Matrix'!A:A,A10) -> 10 | I10: =IF(H10=0,"NOT COVERED",IF(SUMPRODUCT(('Traceability Matrix'!$A$2:$A$70=A10)*(IFERROR(VLOOKUP('Traceability Matrix'!$G$2:$G$70,'Test Execution'!$A:$M,13,FALSE),"")="FAIL"))>0,"FAIL",IF(SUMPRODUCT(('Traceability Matrix'!$A$2:$A$70=A10)*(IFERROR(VLOOKUP('Traceability Matrix'!$G$2:$G$70,'Test Execution'!$A:$M,13,FALSE),"")="PASS"))=H10,"PASS","IN PROGRESS"))) -> IN PROGRESS
A11: SwHLR07 | B11: Software HLR | C11: Start Mode Internal Transition Family | D11: While in Start with no higher-priority external exit, evaluate internal transitions to Hybrid and ICE. | E11: SysHLR01, SysHLR03 | F11: Person D (Hugo) | G11: =IF(COUNTIF('Traceability Matrix'!A:A,A11)>0,"YES","NO") -> YES | H11: =COUNTIF('Traceability Matrix'!A:A,A11) -> 3 | I11: =IF(H11=0,"NOT COVERED",IF(SUMPRODUCT(('Traceability Matrix'!$A$2:$A$70=A11)*(IFERROR(VLOOKUP('Traceability Matrix'!$G$2:$G$70,'Test Execution'!$A:$M,13,FALSE),"")="FAIL"))>0,"FAIL",IF(SUMPRODUCT(('Traceability Matrix'!$A$2:$A$70=A11)*(IFERROR(VLOOKUP('Traceability Matrix'!$G$2:$G$70,'Test Execution'!$A:$M,13,FALSE),"")="PASS"))=H11,"PASS","IN PROGRESS"))) -> IN PROGRESS
A12: SwHLR08 | B12: Software HLR | C12: ICE Mode Internal Transition Family | D12: While in ICE with no higher-priority external exit, evaluate internal transitions to Start and Hybrid. | E12: SysHLR01, SysHLR03 | F12: Person D + E (shared) | G12: =IF(COUNTIF('Traceability Matrix'!A:A,A12)>0,"YES","NO") -> YES | H12: =COUNTIF('Traceability Matrix'!A:A,A12) -> 3 | I12: =IF(H12=0,"NOT COVERED",IF(SUMPRODUCT(('Traceability Matrix'!$A$2:$A$70=A12)*(IFERROR(VLOOKUP('Traceability Matrix'!$G$2:$G$70,'Test Execution'!$A:$M,13,FALSE),"")="FAIL"))>0,"FAIL",IF(SUMPRODUCT(('Traceability Matrix'!$A$2:$A$70=A12)*(IFERROR(VLOOKUP('Traceability Matrix'!$G$2:$G$70,'Test Execution'!$A:$M,13,FALSE),"")="PASS"))=H12,"PASS","IN PROGRESS"))) -> IN PROGRESS
A13: SwHLR09 | B13: Software HLR | C13: Hybrid Mode Internal Transition Family | D13: While in Hybrid with no higher-priority external exit, evaluate internal transitions to Start and ICE. | E13: SysHLR01, SysHLR03 | F13: Person D + E (shared) | G13: =IF(COUNTIF('Traceability Matrix'!A:A,A13)>0,"YES","NO") -> YES | H13: =COUNTIF('Traceability Matrix'!A:A,A13) -> 3 | I13: =IF(H13=0,"NOT COVERED",IF(SUMPRODUCT(('Traceability Matrix'!$A$2:$A$70=A13)*(IFERROR(VLOOKUP('Traceability Matrix'!$G$2:$G$70,'Test Execution'!$A:$M,13,FALSE),"")="FAIL"))>0,"FAIL",IF(SUMPRODUCT(('Traceability Matrix'!$A$2:$A$70=A13)*(IFERROR(VLOOKUP('Traceability Matrix'!$G$2:$G$70,'Test Execution'!$A:$M,13,FALSE),"")="PASS"))=H13,"PASS","IN PROGRESS"))) -> IN PROGRESS
... A41: NfHLR04 | B41: Non-Functional | C41: Deterministic Outputs and Reproducibility | D41: Same initial mode + same inputs -> same output sequence across repeated runs. | E41: - | F41: Team | G41: =IF(COUNTIF('Traceability Matrix'!A:A,A41)>0,"YES","NO") -> YES | H41: =COUNTIF('Traceability Matrix'!A:A,A41) -> 1 | I41: =IF(H41=0,"NOT COVERED",IF(SUMPRODUCT(('Traceability Matrix'!$A$2:$A$70=A41)*(IFERROR(VLOOKUP('Traceability Matrix'!$G$2:$G$70,'Test Execution'!$A:$M,13,FALSE),"")="FAIL"))>0,"FAIL",IF(SUMPRODUCT(('Traceability Matrix'!$A$2:$A$70=A41)*(IFERROR(VLOOKUP('Traceability Matrix'!$G$2:$G$70,'Test Execution'!$A:$M,13,FALSE),"")="PASS"))=H41,"PASS","IN PROGRESS"))) -> IN PROGRESS

Sheet Test Cases
A1: TC ID | B1: Req ID (primary) | C1: Owner | D1: Code File | E1: Code Function | F1: Code Lines | G1: Test File | H1: Test Function | I1: Test Line | J1: Initial Mode | K1: speed [km/h] | L1: P_dem [kW] | M1: SOC [-] | N1: wEng [rpm] | O1: Expected Mode | P1: Exp Mot_Enable | Q1: Exp Gen_Enable | R1: Exp ICE_Enable | S1: Description / Rationale
A2: tc_0001 | B2: SwHLR01 | C2: Team | D2: src/mode_logic_team.c | E2: ModeLogic_Init | F2: 355-362 | J2: (Init) | O2: MODE_STANDSTILL | P2: 0 | Q2: 0 | R2: 0 | S2: Call ModeLogic_Init() on fresh state. Verify current_mode = MODE_STANDSTILL and outputs {0,0,0} after first Step with neutral inputs.
A3: tc_0002 | B3: SwHLR02 | C3: Team | D3: src/mode_logic_team.c | E3: map_outputs | F3: 307-353 | J3: MODE_EV | K3: 10 | L3: 0 | M3: 0.4 | N3: 0 | O3: MODE_EV | P3: 1 | Q3: 0 | R3: 0 | S3: Neutral inputs keep EV. Verify output mapping {Mot=1, Gen=0, ICE=0}. Run variants for each mode (STANDSTILL/EV/REGENB/START/ICE/HYBRID).
A4: tc_0003 | B4: SwHLR10 | C4: Team | D4: src/mode_logic_team.c | E4: ModeLogic_Step (default) | F4: 364-405 | J4: (invalid=99) | K4: 10 | L4: 0 | M4: 0.4 | N4: 0 | O4: MODE_STANDSTILL | P4: 0 | Q4: 0 | R4: 0 | S4: Force state->current_mode to invalid value (99). Step must fall to default branch -> MODE_STANDSTILL, outputs {0,0,0}.
A5: tc_0004 | B5: SwLLR01 | C5: Person A (Danilo) | D5: src/mode_logic_team.c | E5: handle_standstill | F5: 55-76 | J5: MODE_STANDSTILL | K5: 10 | L5: 0 | M5: 0.4 | N5: 0 | O5: MODE_EV | P5: 1 | Q5: 0 | R5: 0 | S5: speed>SPEED_STOP, speed<=SPEED_EV_MAX, SOC>=SOC_EV_IN. Highest priority exit from Standstill.
A6: tc_0005 | B6: SwLLR02 | C6: Person A (Danilo) | D6: src/mode_logic_team.c | E6: handle_standstill | F6: 55-76 | J6: MODE_STANDSTILL | K6: 50 | L6: 0 | M6: 0.4 | N6: 0 | O6: MODE_START | P6: 1 | Q6: 1 | R6: 0 | S6: speed>SPEED_EV_MAX forces Start (EV window invalid by speed).
A7: tc_0006 | B7: SwLLR02 | C7: Person A (Danilo) | D7: src/mode_logic_team.c | E7: handle_standstill | F7: 55-76 | J7: MODE_STANDSTILL | K7: 10 | L7: 0 | M7: 0.3 | N7: 0 | O7: MODE_START | P7: 1 | Q7: 1 | R7: 0 | S7: SOC<SOC_EV_IN forces Start (EV window invalid by charge).
A8: tc_0007 | B8: SwLLR03 | C8: Person B (Marinel) | D8: src/mode_logic_team.c | E8: handle_ev | F8: 98-124 | J8: MODE_EV | K8: 10 | L8: -10 | M8: 0.4 | N8: 0 | O8: MODE_REGENB | P8: 1 | Q8: 0 | R8: 0 | S8: speed>SPEED_REGEN and P_dem<=PDEM_REGEN. Highest-priority EV exit.
A9: tc_0008 | B9: SwLLR04 | C9: Person B (Marinel) | D9: src/mode_logic_team.c | E9: handle_ev | F9: 98-124 | J9: MODE_EV | K9: 40 | L9: 0 | M9: 0.4 | N9: 0 | O9: MODE_START | P9: 1 | Q9: 1 | R9: 0 | S9: speed>SPEED_EV_MAX pushes EV into Motion_mode_ICE (Start).
A10: tc_0009 | B10: SwLLR05 | C10: Person B (Marinel) | D10: src/mode_logic_team.c | E10: handle_ev | F10: 98-124 | J10: MODE_EV | K10: 0.3 | L10: 0 | M10: 0.4 | N10: 0 | O10: MODE_STANDSTILL | P10: 0 | Q10: 0 | R10: 0 | S10: speed<=SPEED_STOP with neutral P_dem -> Standstill.
A11: tc_0010 | B11: SwLLR09 | C11: Person E (Gustavo) | D11: src/mode_logic_team.c | E11: motion_ice_common_exit | F11: 167-191 | J11: MODE_START | K11: 10 | L11: -10 | M11: 0.4 | N11: 900 | O11: MODE_REGENB | P11: 1 | Q11: 0 | R11: 0 | S11: wEng>ENG_ON and regen condition -> Motion_mode_ICE external exit to RegenB from Start branch.
A12: tc_0011 | B12: SwLLR18 | C12: Person D (Hugo) | D12: src/mode_logic_team.c | E12: handle_start | F12: 214-239 | J12: MODE_START | K12: 40 | L12: 20 | M12: 0.4 | N12: 900 | O12: MODE_HYBRID | P12: 1 | Q12: 1 | R12: 1 | S12: wEng>ENG_ON, SOC>=SOC_MID, speed>SPEED_EV_MAX -> internal Start->Hybrid.
A13: tc_0012 | B13: SwLLR20 | C13: Person D (Hugo) | D13: src/mode_logic_team.c | E13: internal_motion_ice_reset | F13: 196-207 | J13: MODE_ICE | K13: 10 | L13: 5 | M13: 0.4 | N13: 700 | O13: MODE_START | P13: 1 | Q13: 1 | R13: 0 | S13: wEng<=ENG_OFF -> engine off, ICE falls back to Start.
A14: tc_0013 | B14: SwLLR23 | C14: Person E (Gustavo) | D14: src/mode_logic_team.c | E14: handle_hybrid | F14: 279-303 | J14: MODE_HYBRID | K14: 10 | L14: 5 | M14: 0.2 | N14: 900 | O14: MODE_ICE | P14: 0 | Q14: 1 | R14: 1 | S14: SOC<SOC_LOW -> Hybrid falls to ICE.
A15: tc_0014 | B15: NfHLR02 | C15: Team | D15: src/mode_logic_team.c | E15: handle_ev | F15: 98-124 | J15: MODE_EV | K15: 10 | L15: 0 | M15: 0.36 | N15: 0 | O15: MODE_EV | P15: 1 | Q15: 0 | R15: 0 | S15: Hysteresis: SOC=0.36 is below entry (0.37) but above exit (0.35). Should remain in EV.
A16: tc_0015 | B16: NfHLR04 | C16: Team | D16: src/mode_logic_team.c | E16: ModeLogic_Step | F16: 364-405 | J16: MODE_STANDSTILL | K16: sequence | L16: sequence | M16: sequence | N16: sequence | O16: sequence | P16: - | Q16: - | R16: - | S16: Replay same input sequence twice from the same initial mode; assert identical mode/output trace on both runs.
A17: tc_0016 | B17: SwLLR06 | C17: Person C (Bruna) | D17: src/mode_logic_team.c | E17: handle_regenb | F17: 132-158 | S17: (to be authored)
A18: tc_0017 | B18: SwLLR07 | C18: Person C (Bruna) | D18: src/mode_logic_team.c | E18: handle_regenb | F18: 132-158 | S18: (to be authored)
A19: tc_0018 | B19: SwLLR08 | C19: Person C (Bruna) | D19: src/mode_logic_team.c | E19: handle_regenb | F19: 132-158 | S19: (to be authored)
A20: tc_0019 | B20: SwLLR10 | C20: Person E (Gustavo) | D20: src/mode_logic_team.c | E20: motion_ice_common_exit | F20: 167-191 | S20: (to be authored)
A21: tc_0020 | B21: SwLLR11 | C21: Person E (Gustavo) | D21: src/mode_logic_team.c | E21: motion_ice_common_exit | F21: 167-191 | S21: (to be authored)
A22: tc_0021 | B22: SwLLR12 | C22: Person E (Gustavo) | D22: src/mode_logic_team.c | E22: motion_ice_common_exit | F22: 167-191 | S22: (to be authored)
A23: tc_0022 | B23: SwLLR13 | C23: Person E (Gustavo) | D23: src/mode_logic_team.c | E23: motion_ice_common_exit | F23: 167-191 | S23: (to be authored)
A24: tc_0023 | B24: SwLLR14 | C24: Person E (Gustavo) | D24: src/mode_logic_team.c | E24: motion_ice_common_exit | F24: 167-191 | S24: (to be authored)
A25: tc_0024 | B25: SwLLR15 | C25: Person E (Gustavo) | D25: src/mode_logic_team.c | E25: motion_ice_common_exit | F25: 167-191 | S25: (to be authored)
A26: tc_0025 | B26: SwLLR16 | C26: Person E (Gustavo) | D26: src/mode_logic_team.c | E26: motion_ice_common_exit | F26: 167-191 | S26: (to be authored)
A27: tc_0026 | B27: SwLLR17 | C27: Person E (Gustavo) | D27: src/mode_logic_team.c | E27: motion_ice_common_exit | F27: 167-191 | S27: (to be authored)
A28: tc_0027 | B28: SwLLR19 | C28: Person D (Hugo) | D28: src/mode_logic_team.c | E28: handle_start | F28: 214-239 | S28: (to be authored)
... A42: tc_0041 | B42: NfHLR03 | C42: Team | D42: n/a | E42: (static analysis) | F42: n/a | S42: (to be authored)

Sheet Traceability Matrix
A1: Req ID | B1: Description | C1: Code Element | D1: File | E1: Line Number | F1: Verification Criteria | G1: Test Case | H1: Test File | I1: Test Line | J1: Remarks
A2: SysHLR01 | B2: VMU selects exactly one operating mode from {Standstill, EV, RegenB, Start, ICE, Hybrid} each cycle, evaluating speed, P_dem, SOC, wEng. | C2: ModeLogic_Init | D2: src/mode_logic_team.c | E2: 355-362 | F2: Test Case | G2: tc_0001
A3: SysHLR01 | B3: VMU selects exactly one operating mode from {Standstill, EV, RegenB, Start, ICE, Hybrid} each cycle, evaluating speed, P_dem, SOC, wEng. | C3: ModeLogic_Step (switch) | D3: src/mode_logic_team.c | E3: 364-405 | F3: Test Case | G3: tc_0030
A4: SysHLR02 | B4: For each selected mode, VMU commands deterministic Mot/Gen/ICE enable per mapping: Standstill{0,0,0}, EV{1,0,0}, RegenB{1,0,0}, Start{1,1,0}, ICE{0,1,1}, Hybrid{1,1,1}. | C4: map_outputs | D4: src/mode_logic_team.c | E4: 307-353 | F4: Test Case | G4: tc_0002
A5: SysHLR02 | B5: For each selected mode, VMU commands deterministic Mot/Gen/ICE enable per mapping: Standstill{0,0,0}, EV{1,0,0}, RegenB{1,0,0}, Start{1,1,0}, ICE{0,1,1}, Hybrid{1,1,1}. | C5: map_outputs (all modes) | D5: src/mode_logic_team.c | E5: 307-353 | F5: Test Case | G5: tc_0031
A6: SysHLR03 | B6: Transitions use named calibrations (ENG_ON/OFF, SPEED_*, PDEM_*, SOC_*) preserving hysteresis on SOC and engine-speed thresholds. | C6: handle_standstill | D6: src/mode_logic_team.c | E6: 55-76 | F6: Test Case | G6: tc_0004
A7: SysHLR03 | B7: Transitions use named calibrations (ENG_ON/OFF, SPEED_*, PDEM_*, SOC_*) preserving hysteresis on SOC and engine-speed thresholds. | C7: calibrations (mode_logic_team.h) | D7: inc/mode_logic_team.h | E7: 26-41 | F7: Test Case | G7: tc_0032
A8: SwHLR01 | B8: Software initializes the active mode to Standstill before the first normal evaluation cycle. | C8: ModeLogic_Init | D8: src/mode_logic_team.c | E8: 355-362 | F8: Test Case | G8: tc_0001
A9: SwHLR02 | B9: Software commands enable outputs associated with the resolved active mode per the model mapping. | C9: map_outputs | D9: src/mode_logic_team.c | E9: 307-353 | F9: Test Case | G9: tc_0002
A10: SwHLR03 | B10: While in Standstill, evaluate exits to EV and Start in priority order. | C10: handle_standstill | D10: src/mode_logic_team.c | E10: 55-76 | F10: Test Case | G10: tc_0004
A11: SwHLR03 | B11: While in Standstill, evaluate exits to EV and Start in priority order. | C11: handle_standstill | D11: src/mode_logic_team.c | E11: 55-76 | F11: Test Case | G11: tc_0005
A12: SwHLR03 | B12: While in Standstill, evaluate exits to EV and Start in priority order. | C12: handle_standstill | D12: src/mode_logic_team.c | E12: 55-76 | F12: Test Case | G12: tc_0006
A13: SwHLR03 | B13: While in Standstill, evaluate exits to EV and Start in priority order. | C13: handle_standstill | D13: src/mode_logic_team.c | E13: 55-76 | F13: Test Case | G13: tc_0033
... A70: NfHLR04 | B70: Same initial mode + same inputs -> same output sequence across repeated runs. | C70: ModeLogic_Step | D70: src/mode_logic_team.c | E70: 364-405 | F70: Test Case | G70: tc_0015

Sheet Test Execution
A1: TC ID | B1: Req ID | C1: Executed by | D1: Date | E1: Exp Mode | F1: Act Mode | G1: Exp Mot_Enable | H1: Act Mot_Enable | I1: Exp Gen_Enable | J1: Act Gen_Enable | K1: Exp ICE_Enable | L1: Act ICE_Enable | M1: Status (auto) | N1: Evidence / Notes
A2: tc_0001 | B2: =IFERROR(VLOOKUP(A2,'Test Cases'!$A$2:$S$52,2,FALSE),"") -> SwHLR01 | E2: =IFERROR(VLOOKUP(A2,'Test Cases'!$A$2:$S$52,15,FALSE),"") -> MODE_STANDSTILL | G2: =IFERROR(VLOOKUP(A2,'Test Cases'!$A$2:$S$52,16,FALSE),"") -> 0 | I2: =IFERROR(VLOOKUP(A2,'Test Cases'!$A$2:$S$52,17,FALSE),"") -> 0 | K2: =IFERROR(VLOOKUP(A2,'Test Cases'!$A$2:$S$52,18,FALSE),"") -> 0 | M2: =IF(COUNTA(F2,H2,J2,L2)=0,"NOT EXECUTED",IF(AND(F2=E2,H2=G2,J2=I2,L2=K2),"PASS","FAIL")) -> NOT EXECUTED
A3: tc_0002 | B3: =IFERROR(VLOOKUP(A3,'Test Cases'!$A$2:$S$52,2,FALSE),"") -> SwHLR02 | E3: =IFERROR(VLOOKUP(A3,'Test Cases'!$A$2:$S$52,15,FALSE),"") -> MODE_EV | G3: =IFERROR(VLOOKUP(A3,'Test Cases'!$A$2:$S$52,16,FALSE),"") -> 1 | I3: =IFERROR(VLOOKUP(A3,'Test Cases'!$A$2:$S$52,17,FALSE),"") -> 0 | K3: =IFERROR(VLOOKUP(A3,'Test Cases'!$A$2:$S$52,18,FALSE),"") -> 0 | M3: =IF(COUNTA(F3,H3,J3,L3)=0,"NOT EXECUTED",IF(AND(F3=E3,H3=G3,J3=I3,L3=K3),"PASS","FAIL")) -> NOT EXECUTED
A4: tc_0003 | B4: =IFERROR(VLOOKUP(A4,'Test Cases'!$A$2:$S$52,2,FALSE),"") -> SwHLR10 | E4: =IFERROR(VLOOKUP(A4,'Test Cases'!$A$2:$S$52,15,FALSE),"") -> MODE_STANDSTILL | G4: =IFERROR(VLOOKUP(A4,'Test Cases'!$A$2:$S$52,16,FALSE),"") -> 0 | I4: =IFERROR(VLOOKUP(A4,'Test Cases'!$A$2:$S$52,17,FALSE),"") -> 0 | K4: =IFERROR(VLOOKUP(A4,'Test Cases'!$A$2:$S$52,18,FALSE),"") -> 0 | M4: =IF(COUNTA(F4,H4,J4,L4)=0,"NOT EXECUTED",IF(AND(F4=E4,H4=G4,J4=I4,L4=K4),"PASS","FAIL")) -> NOT EXECUTED
A5: tc_0004 | B5: =IFERROR(VLOOKUP(A5,'Test Cases'!$A$2:$S$52,2,FALSE),"") -> SwLLR01 | E5: =IFERROR(VLOOKUP(A5,'Test Cases'!$A$2:$S$52,15,FALSE),"") -> MODE_EV | G5: =IFERROR(VLOOKUP(A5,'Test Cases'!$A$2:$S$52,16,FALSE),"") -> 1 | I5: =IFERROR(VLOOKUP(A5,'Test Cases'!$A$2:$S$52,17,FALSE),"") -> 0 | K5: =IFERROR(VLOOKUP(A5,'Test Cases'!$A$2:$S$52,18,FALSE),"") -> 0 | M5: =IF(COUNTA(F5,H5,J5,L5)=0,"NOT EXECUTED",IF(AND(F5=E5,H5=G5,J5=I5,L5=K5),"PASS","FAIL")) -> NOT EXECUTED
A6: tc_0005 | B6: =IFERROR(VLOOKUP(A6,'Test Cases'!$A$2:$S$52,2,FALSE),"") -> SwLLR02 | E6: =IFERROR(VLOOKUP(A6,'Test Cases'!$A$2:$S$52,15,FALSE),"") -> MODE_START | G6: =IFERROR(VLOOKUP(A6,'Test Cases'!$A$2:$S$52,16,FALSE),"") -> 1 | I6: =IFERROR(VLOOKUP(A6,'Test Cases'!$A$2:$S$52,17,FALSE),"") -> 1 | K6: =IFERROR(VLOOKUP(A6,'Test Cases'!$A$2:$S$52,18,FALSE),"") -> 0 | M6: =IF(COUNTA(F6,H6,J6,L6)=0,"NOT EXECUTED",IF(AND(F6=E6,H6=G6,J6=I6,L6=K6),"PASS","FAIL")) -> NOT EXECUTED
A7: tc_0006 | B7: =IFERROR(VLOOKUP(A7,'Test Cases'!$A$2:$S$52,2,FALSE),"") -> SwLLR02 | E7: =IFERROR(VLOOKUP(A7,'Test Cases'!$A$2:$S$52,15,FALSE),"") -> MODE_START | G7: =IFERROR(VLOOKUP(A7,'Test Cases'!$A$2:$S$52,16,FALSE),"") -> 1 | I7: =IFERROR(VLOOKUP(A7,'Test Cases'!$A$2:$S$52,17,FALSE),"") -> 1 | K7: =IFERROR(VLOOKUP(A7,'Test Cases'!$A$2:$S$52,18,FALSE),"") -> 0 | M7: =IF(COUNTA(F7,H7,J7,L7)=0,"NOT EXECUTED",IF(AND(F7=E7,H7=G7,J7=I7,L7=K7),"PASS","FAIL")) -> NOT EXECUTED
A8: tc_0007 | B8: =IFERROR(VLOOKUP(A8,'Test Cases'!$A$2:$S$52,2,FALSE),"") -> SwLLR03 | E8: =IFERROR(VLOOKUP(A8,'Test Cases'!$A$2:$S$52,15,FALSE),"") -> MODE_REGENB | G8: =IFERROR(VLOOKUP(A8,'Test Cases'!$A$2:$S$52,16,FALSE),"") -> 1 | I8: =IFERROR(VLOOKUP(A8,'Test Cases'!$A$2:$S$52,17,FALSE),"") -> 0 | K8: =IFERROR(VLOOKUP(A8,'Test Cases'!$A$2:$S$52,18,FALSE),"") -> 0 | M8: =IF(COUNTA(F8,H8,J8,L8)=0,"NOT EXECUTED",IF(AND(F8=E8,H8=G8,J8=I8,L8=K8),"PASS","FAIL")) -> NOT EXECUTED
A9: tc_0008 | B9: =IFERROR(VLOOKUP(A9,'Test Cases'!$A$2:$S$52,2,FALSE),"") -> SwLLR04 | E9: =IFERROR(VLOOKUP(A9,'Test Cases'!$A$2:$S$52,15,FALSE),"") -> MODE_START | G9: =IFERROR(VLOOKUP(A9,'Test Cases'!$A$2:$S$52,16,FALSE),"") -> 1 | I9: =IFERROR(VLOOKUP(A9,'Test Cases'!$A$2:$S$52,17,FALSE),"") -> 1 | K9: =IFERROR(VLOOKUP(A9,'Test Cases'!$A$2:$S$52,18,FALSE),"") -> 0 | M9: =IF(COUNTA(F9,H9,J9,L9)=0,"NOT EXECUTED",IF(AND(F9=E9,H9=G9,J9=I9,L9=K9),"PASS","FAIL")) -> NOT EXECUTED
A10: tc_0009 | B10: =IFERROR(VLOOKUP(A10,'Test Cases'!$A$2:$S$52,2,FALSE),"") -> SwLLR05 | E10: =IFERROR(VLOOKUP(A10,'Test Cases'!$A$2:$S$52,15,FALSE),"") -> MODE_STANDSTILL | G10: =IFERROR(VLOOKUP(A10,'Test Cases'!$A$2:$S$52,16,FALSE),"") -> 0 | I10: =IFERROR(VLOOKUP(A10,'Test Cases'!$A$2:$S$52,17,FALSE),"") -> 0 | K10: =IFERROR(VLOOKUP(A10,'Test Cases'!$A$2:$S$52,18,FALSE),"") -> 0 | M10: =IF(COUNTA(F10,H10,J10,L10)=0,"NOT EXECUTED",IF(AND(F10=E10,H10=G10,J10=I10,L10=K10),"PASS","FAIL")) -> NOT EXECUTED
A11: tc_0010 | B11: =IFERROR(VLOOKUP(A11,'Test Cases'!$A$2:$S$52,2,FALSE),"") -> SwLLR09 | E11: =IFERROR(VLOOKUP(A11,'Test Cases'!$A$2:$S$52,15,FALSE),"") -> MODE_REGENB | G11: =IFERROR(VLOOKUP(A11,'Test Cases'!$A$2:$S$52,16,FALSE),"") -> 1 | I11: =IFERROR(VLOOKUP(A11,'Test Cases'!$A$2:$S$52,17,FALSE),"") -> 0 | K11: =IFERROR(VLOOKUP(A11,'Test Cases'!$A$2:$S$52,18,FALSE),"") -> 0 | M11: =IF(COUNTA(F11,H11,J11,L11)=0,"NOT EXECUTED",IF(AND(F11=E11,H11=G11,J11=I11,L11=K11),"PASS","FAIL")) -> NOT EXECUTED
A12: tc_0011 | B12: =IFERROR(VLOOKUP(A12,'Test Cases'!$A$2:$S$52,2,FALSE),"") -> SwLLR18 | E12: =IFERROR(VLOOKUP(A12,'Test Cases'!$A$2:$S$52,15,FALSE),"") -> MODE_HYBRID | G12: =IFERROR(VLOOKUP(A12,'Test Cases'!$A$2:$S$52,16,FALSE),"") -> 1 | I12: =IFERROR(VLOOKUP(A12,'Test Cases'!$A$2:$S$52,17,FALSE),"") -> 1 | K12: =IFERROR(VLOOKUP(A12,'Test Cases'!$A$2:$S$52,18,FALSE),"") -> 1 | M12: =IF(COUNTA(F12,H12,J12,L12)=0,"NOT EXECUTED",IF(AND(F12=E12,H12=G12,J12=I12,L12=K12),"PASS","FAIL")) -> NOT EXECUTED
A13: tc_0012 | B13: =IFERROR(VLOOKUP(A13,'Test Cases'!$A$2:$S$52,2,FALSE),"") -> SwLLR20 | E13: =IFERROR(VLOOKUP(A13,'Test Cases'!$A$2:$S$52,15,FALSE),"") -> MODE_START | G13: =IFERROR(VLOOKUP(A13,'Test Cases'!$A$2:$S$52,16,FALSE),"") -> 1 | I13: =IFERROR(VLOOKUP(A13,'Test Cases'!$A$2:$S$52,17,FALSE),"") -> 1 | K13: =IFERROR(VLOOKUP(A13,'Test Cases'!$A$2:$S$52,18,FALSE),"") -> 0 | M13: =IF(COUNTA(F13,H13,J13,L13)=0,"NOT EXECUTED",IF(AND(F13=E13,H13=G13,J13=I13,L13=K13),"PASS","FAIL")) -> NOT EXECUTED
... A42: tc_0041 | B42: =IFERROR(VLOOKUP(A42,'Test Cases'!$A$2:$S$52,2,FALSE),"") -> NfHLR03 | E42: =IFERROR(VLOOKUP(A42,'Test Cases'!$A$2:$S$52,15,FALSE),"") -> 0 | G42: =IFERROR(VLOOKUP(A42,'Test Cases'!$A$2:$S$52,16,FALSE),"") -> 0 | I42: =IFERROR(VLOOKUP(A42,'Test Cases'!$A$2:$S$52,17,FALSE),"") -> 0 | K42: =IFERROR(VLOOKUP(A42,'Test Cases'!$A$2:$S$52,18,FALSE),"") -> 0 | M42: =IF(COUNTA(F42,H42,J42,L42)=0,"NOT EXECUTED",IF(AND(F42=E42,H42=G42,J42=I42,L42=K42),"PASS","FAIL")) -> NOT EXECUTED
B43: =IF(A43="","",IFERROR(VLOOKUP(A43,'Test Cases'!$A$2:$S$52,2,FALSE),"")) | E43: =IF(A43="","",IFERROR(VLOOKUP(A43,'Test Cases'!$A$2:$S$52,15,FALSE),"")) | G43: =IF(A43="","",IFERROR(VLOOKUP(A43,'Test Cases'!$A$2:$S$52,16,FALSE),"")) | I43: =IF(A43="","",IFERROR(VLOOKUP(A43,'Test Cases'!$A$2:$S$52,17,FALSE),"")) | K43: =IF(A43="","",IFERROR(VLOOKUP(A43,'Test Cases'!$A$2:$S$52,18,FALSE),"")) | M43: =IF(A43="","",IF(COUNTA(F43,H43,J43,L43)=0,"NOT EXECUTED",IF(AND(F43=E43,H43=G43,J43=I43,L43=K43),"PASS","FAIL")))
B44: =IF(A44="","",IFERROR(VLOOKUP(A44,'Test Cases'!$A$2:$S$52,2,FALSE),"")) | E44: =IF(A44="","",IFERROR(VLOOKUP(A44,'Test Cases'!$A$2:$S$52,15,FALSE),"")) | G44: =IF(A44="","",IFERROR(VLOOKUP(A44,'Test Cases'!$A$2:$S$52,16,FALSE),"")) | I44: =IF(A44="","",IFERROR(VLOOKUP(A44,'Test Cases'!$A$2:$S$52,17,FALSE),"")) | K44: =IF(A44="","",IFERROR(VLOOKUP(A44,'Test Cases'!$A$2:$S$52,18,FALSE),"")) | M44: =IF(A44="","",IF(COUNTA(F44,H44,J44,L44)=0,"NOT EXECUTED",IF(AND(F44=E44,H44=G44,J44=I44,L44=K44),"PASS","FAIL")))
B45: =IF(A45="","",IFERROR(VLOOKUP(A45,'Test Cases'!$A$2:$S$52,2,FALSE),"")) | E45: =IF(A45="","",IFERROR(VLOOKUP(A45,'Test Cases'!$A$2:$S$52,15,FALSE),"")) | G45: =IF(A45="","",IFERROR(VLOOKUP(A45,'Test Cases'!$A$2:$S$52,16,FALSE),"")) | I45: =IF(A45="","",IFERROR(VLOOKUP(A45,'Test Cases'!$A$2:$S$52,17,FALSE),"")) | K45: =IF(A45="","",IFERROR(VLOOKUP(A45,'Test Cases'!$A$2:$S$52,18,FALSE),"")) | M45: =IF(A45="","",IF(COUNTA(F45,H45,J45,L45)=0,"NOT EXECUTED",IF(AND(F45=E45,H45=G45,J45=I45,L45=K45),"PASS","FAIL")))
B46: =IF(A46="","",IFERROR(VLOOKUP(A46,'Test Cases'!$A$2:$S$52,2,FALSE),"")) | E46: =IF(A46="","",IFERROR(VLOOKUP(A46,'Test Cases'!$A$2:$S$52,15,FALSE),"")) | G46: =IF(A46="","",IFERROR(VLOOKUP(A46,'Test Cases'!$A$2:$S$52,16,FALSE),"")) | I46: =IF(A46="","",IFERROR(VLOOKUP(A46,'Test Cases'!$A$2:$S$52,17,FALSE),"")) | K46: =IF(A46="","",IFERROR(VLOOKUP(A46,'Test Cases'!$A$2:$S$52,18,FALSE),"")) | M46: =IF(A46="","",IF(COUNTA(F46,H46,J46,L46)=0,"NOT EXECUTED",IF(AND(F46=E46,H46=G46,J46=I46,L46=K46),"PASS","FAIL")))
B47: =IF(A47="","",IFERROR(VLOOKUP(A47,'Test Cases'!$A$2:$S$52,2,FALSE),"")) | E47: =IF(A47="","",IFERROR(VLOOKUP(A47,'Test Cases'!$A$2:$S$52,15,FALSE),"")) | G47: =IF(A47="","",IFERROR(VLOOKUP(A47,'Test Cases'!$A$2:$S$52,16,FALSE),"")) | I47: =IF(A47="","",IFERROR(VLOOKUP(A47,'Test Cases'!$A$2:$S$52,17,FALSE),"")) | K47: =IF(A47="","",IFERROR(VLOOKUP(A47,'Test Cases'!$A$2:$S$52,18,FALSE),"")) | M47: =IF(A47="","",IF(COUNTA(F47,H47,J47,L47)=0,"NOT EXECUTED",IF(AND(F47=E47,H47=G47,J47=I47,L47=K47),"PASS","FAIL")))
B48: =IF(A48="","",IFERROR(VLOOKUP(A48,'Test Cases'!$A$2:$S$52,2,FALSE),"")) | E48: =IF(A48="","",IFERROR(VLOOKUP(A48,'Test Cases'!$A$2:$S$52,15,FALSE),"")) | G48: =IF(A48="","",IFERROR(VLOOKUP(A48,'Test Cases'!$A$2:$S$52,16,FALSE),"")) | I48: =IF(A48="","",IFERROR(VLOOKUP(A48,'Test Cases'!$A$2:$S$52,17,FALSE),"")) | K48: =IF(A48="","",IFERROR(VLOOKUP(A48,'Test Cases'!$A$2:$S$52,18,FALSE),"")) | M48: =IF(A48="","",IF(COUNTA(F48,H48,J48,L48)=0,"NOT EXECUTED",IF(AND(F48=E48,H48=G48,J48=I48,L48=K48),"PASS","FAIL")))
B49: =IF(A49="","",IFERROR(VLOOKUP(A49,'Test Cases'!$A$2:$S$52,2,FALSE),"")) | E49: =IF(A49="","",IFERROR(VLOOKUP(A49,'Test Cases'!$A$2:$S$52,15,FALSE),"")) | G49: =IF(A49="","",IFERROR(VLOOKUP(A49,'Test Cases'!$A$2:$S$52,16,FALSE),"")) | I49: =IF(A49="","",IFERROR(VLOOKUP(A49,'Test Cases'!$A$2:$S$52,17,FALSE),"")) | K49: =IF(A49="","",IFERROR(VLOOKUP(A49,'Test Cases'!$A$2:$S$52,18,FALSE),"")) | M49: =IF(A49="","",IF(COUNTA(F49,H49,J49,L49)=0,"NOT EXECUTED",IF(AND(F49=E49,H49=G49,J49=I49,L49=K49),"PASS","FAIL")))
B50: =IF(A50="","",IFERROR(VLOOKUP(A50,'Test Cases'!$A$2:$S$52,2,FALSE),"")) | E50: =IF(A50="","",IFERROR(VLOOKUP(A50,'Test Cases'!$A$2:$S$52,15,FALSE),"")) | G50: =IF(A50="","",IFERROR(VLOOKUP(A50,'Test Cases'!$A$2:$S$52,16,FALSE),"")) | I50: =IF(A50="","",IFERROR(VLOOKUP(A50,'Test Cases'!$A$2:$S$52,17,FALSE),"")) | K50: =IF(A50="","",IFERROR(VLOOKUP(A50,'Test Cases'!$A$2:$S$52,18,FALSE),"")) | M50: =IF(A50="","",IF(COUNTA(F50,H50,J50,L50)=0,"NOT EXECUTED",IF(AND(F50=E50,H50=G50,J50=I50,L50=K50),"PASS","FAIL")))
B51: =IF(A51="","",IFERROR(VLOOKUP(A51,'Test Cases'!$A$2:$S$52,2,FALSE),"")) | E51: =IF(A51="","",IFERROR(VLOOKUP(A51,'Test Cases'!$A$2:$S$52,15,FALSE),"")) | G51: =IF(A51="","",IFERROR(VLOOKUP(A51,'Test Cases'!$A$2:$S$52,16,FALSE),"")) | I51: =IF(A51="","",IFERROR(VLOOKUP(A51,'Test Cases'!$A$2:$S$52,17,FALSE),"")) | K51: =IF(A51="","",IFERROR(VLOOKUP(A51,'Test Cases'!$A$2:$S$52,18,FALSE),"")) | M51: =IF(A51="","",IF(COUNTA(F51,H51,J51,L51)=0,"NOT EXECUTED",IF(AND(F51=E51,H51=G51,J51=I51,L51=K51),"PASS","FAIL")))
B52: =IF(A52="","",IFERROR(VLOOKUP(A52,'Test Cases'!$A$2:$S$52,2,FALSE),"")) | E52: =IF(A52="","",IFERROR(VLOOKUP(A52,'Test Cases'!$A$2:$S$52,15,FALSE),"")) | G52: =IF(A52="","",IFERROR(VLOOKUP(A52,'Test Cases'!$A$2:$S$52,16,FALSE),"")) | I52: =IF(A52="","",IFERROR(VLOOKUP(A52,'Test Cases'!$A$2:$S$52,17,FALSE),"")) | K52: =IF(A52="","",IFERROR(VLOOKUP(A52,'Test Cases'!$A$2:$S$52,18,FALSE),"")) | M52: =IF(A52="","",IF(COUNTA(F52,H52,J52,L52)=0,"NOT EXECUTED",IF(AND(F52=E52,H52=G52,J52=I52,L52=K52),"PASS","FAIL")))
B53: =IF(A53="","",IFERROR(VLOOKUP(A53,'Test Cases'!$A$2:$S$52,2,FALSE),"")) | E53: =IF(A53="","",IFERROR(VLOOKUP(A53,'Test Cases'!$A$2:$S$52,15,FALSE),"")) | G53: =IF(A53="","",IFERROR(VLOOKUP(A53,'Test Cases'!$A$2:$S$52,16,FALSE),"")) | I53: =IF(A53="","",IFERROR(VLOOKUP(A53,'Test Cases'!$A$2:$S$52,17,FALSE),"")) | K53: =IF(A53="","",IFERROR(VLOOKUP(A53,'Test Cases'!$A$2:$S$52,18,FALSE),"")) | M53: =IF(A53="","",IF(COUNTA(F53,H53,J53,L53)=0,"NOT EXECUTED",IF(AND(F53=E53,H53=G53,J53=I53,L53=K53),"PASS","FAIL")))
B54: =IF(A54="","",IFERROR(VLOOKUP(A54,'Test Cases'!$A$2:$S$52,2,FALSE),"")) | E54: =IF(A54="","",IFERROR(VLOOKUP(A54,'Test Cases'!$A$2:$S$52,15,FALSE),"")) | G54: =IF(A54="","",IFERROR(VLOOKUP(A54,'Test Cases'!$A$2:$S$52,16,FALSE),"")) | I54: =IF(A54="","",IFERROR(VLOOKUP(A54,'Test Cases'!$A$2:$S$52,17,FALSE),"")) | K54: =IF(A54="","",IFERROR(VLOOKUP(A54,'Test Cases'!$A$2:$S$52,18,FALSE),"")) | M54: =IF(A54="","",IF(COUNTA(F54,H54,J54,L54)=0,"NOT EXECUTED",IF(AND(F54=E54,H54=G54,J54=I54,L54=K54),"PASS","FAIL")))
... B62: =IF(A62="","",IFERROR(VLOOKUP(A62,'Test Cases'!$A$2:$S$52,2,FALSE),"")) | E62: =IF(A62="","",IFERROR(VLOOKUP(A62,'Test Cases'!$A$2:$S$52,15,FALSE),"")) | G62: =IF(A62="","",IFERROR(VLOOKUP(A62,'Test Cases'!$A$2:$S$52,16,FALSE),"")) | I62: =IF(A62="","",IFERROR(VLOOKUP(A62,'Test Cases'!$A$2:$S$52,17,FALSE),"")) | K62: =IF(A62="","",IFERROR(VLOOKUP(A62,'Test Cases'!$A$2:$S$52,18,FALSE),"")) | M62: =IF(A62="","",IF(COUNTA(F62,H62,J62,L62)=0,"NOT EXECUTED",IF(AND(F62=E62,H62=G62,J62=I62,L62=K62),"PASS","FAIL")))

Sheet Coverage Summary
B2: Coverage & Test Execution Summary
B4: Requirements Coverage
B5: Total Requirements | C5: =COUNTA(Requirements!A2:A41) -> 40
B6: Requirements Covered | C6: =COUNTIF(Requirements!G2:G41,"YES") -> 40
B7: Requirements Not Covered | C7: =COUNTIF(Requirements!G2:G41,"NO") -> 0
B8: Coverage % | C8: =IFERROR(C6/C5,0) -> 1
B10: Coverage by Requirement Type
B11: Type | C11: Total | D11: Covered | E11: Not Covered | F11: Coverage %
B12: System HLR | C12: =COUNTIF(Requirements!B2:B41,B12) -> 3 | D12: =COUNTIFS(Requirements!B2:B41,B12,Requirements!G2:G41,"YES") -> 3 | E12: =COUNTIFS(Requirements!B2:B41,B12,Requirements!G2:G41,"NO") -> 0 | F12: =IFERROR(D12/C12,0) -> 1
B13: Software HLR | C13: =COUNTIF(Requirements!B2:B41,B13) -> 10 | D13: =COUNTIFS(Requirements!B2:B41,B13,Requirements!G2:G41,"YES") -> 10 | E13: =COUNTIFS(Requirements!B2:B41,B13,Requirements!G2:G41,"NO") -> 0 | F13: =IFERROR(D13/C13,0) -> 1
B14: Software LLR | C14: =COUNTIF(Requirements!B2:B41,B14) -> 23 | D14: =COUNTIFS(Requirements!B2:B41,B14,Requirements!G2:G41,"YES") -> 23 | E14: =COUNTIFS(Requirements!B2:B41,B14,Requirements!G2:G41,"NO") -> 0 | F14: =IFERROR(D14/C14,0) -> 1
B15: Non-Functional | C15: =COUNTIF(Requirements!B2:B41,B15) -> 4 | D15: =COUNTIFS(Requirements!B2:B41,B15,Requirements!G2:G41,"YES") -> 4 | E15: =COUNTIFS(Requirements!B2:B41,B15,Requirements!G2:G41,"NO") -> 0 | F15: =IFERROR(D15/C15,0) -> 1
B17: Test Execution
B18: Total Test Cases authored | C18: =COUNTA('Test Cases'!A2:A52) -> 41
B19: Executed (PASS) | C19: =COUNTIF('Test Execution'!M2:M62,"PASS") -> 0
B20: Executed (FAIL) | C20: =COUNTIF('Test Execution'!M2:M62,"FAIL") -> 0
B21: Not Executed | C21: =COUNTIF('Test Execution'!M2:M62,"NOT EXECUTED") -> 41
B22: N/A | C22: =COUNTIF('Test Execution'!M2:M62,"N/A") -> 0
B23: Blocked | C23: =COUNTIF('Test Execution'!M2:M62,"BLOCKED") -> 0
B24: Pass Rate | C24: =IFERROR(C19/(C19+C20),0) -> 0
